SampleName;Marker_1;Marker_2;Marker_3;Marker_4;Marker_5;Marker_6;Marker_7;Marker_8;Marker_9;Marker_10
Indiv1;A/A/A;B/B/A;B/B/B;B/B/B;B/A/A;B/B/B;A/A/A;B/B/B;B/B/A;B/B/B
Indiv2;B/B/B;B/A/A;B/B/A;B/B/A;A/A/A;A/A/A;B/A/A;B/A/A;B/B/B;B/B/B
Indiv3;B/B/A;B/B/A;A/A/A;A/A/A;B/A/A;B/A/A;A/A/A;B/A/A;B/A/A;B/A/A
Indiv4;B/A/A;B/B/B;B/B/A;A/A/A;B/B/A;A/A/A;B/B/B;B/B/B;A/A/A;B/A/A
Indiv5;B/A/A;B/A/A;B/B/B;A/A/A;B/A/A;B/B/A;B/B/A;B/A/A;A/A/A;A/A/A
Indiv6;B/A/A;A/A/A;B/A/A;B/B/B;B/A/A;B/B/A;B/B/B;A/A/A;A/A/A;B/A/A
Indiv7;B/B/A;B/B/A;B/B/A;B/B/A;B/B/B;B/B/B;B/B/A;B/A/A;B/A/A;A/A/A
Indiv8;B/B/B;B/A/A;B/B/B;B/A/A;B/B/B;B/B/B;B/B/B;A/A/A;B/B/A;B/A/A
Indiv9;B/A/A;B/A/A;B/A/A;B/A/A;B/A/A;A/A/A;A/A/A;B/B/B;B/A/A;B/A/A
Indiv10;B/B/A;B/B/A;B/B/A;B/B/B;B/B/B;A/A/A;A/A/A;B/A/A;B/B/A;B/A/A
Indiv11;A/A/A;B/B/B;B/B/A;B/B/B;B/B/B;A/A/A;B/A/A;B/B/B;B/B/B;A/A/A
Indiv12;A/A/A;A/A/A;B/A/A;B/B/B;A/A/A;A/A/A;B/A/A;B/A/A;B/B/A;A/A/A
Indiv13;B/A/A;B/B/A;B/A/A;A/A/A;A/A/A;B/B/B;A/A/A;B/B/A;B/B/A;B/B/B
Indiv14;B/B/B;B/B/B;A/A/A;B/A/A;B/B/B;B/B/B;B/B/A;B/A/A;B/A/A;B/B/B
Indiv15;B/B/A;B/B/A;B/B/B;B/B/B;B/B/A;B/B/A;B/B/B;B/A/A;B/A/A;B/B/B
Indiv16;A/A/A;B/A/A;B/B/A;B/B/A;A/A/A;B/B/B;B/B/A;B/A/A;B/B/B;A/A/A
Indiv17;B/A/A;B/B/B;B/A/A;A/A/A;B/A/A;B/A/A;B/A/A;A/A/A;A/A/A;B/B/B
Indiv18;A/A/A;B/B/A;A/A/A;A/A/A;B/B/B;A/A/A;B/B/A;B/B/B;B/A/A;B/A/A
Indiv19;A/A/A;B/B/A;B/B/B;A/A/A;A/A/A;B/B/B;B/B/B;A/A/A;B/B/A;B/A/A
Indiv20;A/A/A;B/B/B;B/B/A;B/B/B;B/A/A;B/A/A;B/A/A;B/B/A;A/A/A;A/A/A
Indiv21;A/A/A;A/A/A;B/B/A;B/B/B;A/A/A;B/B/A;A/A/A;B/B/B;B/A/A;B/B/A
Indiv22;B/B/A;B/A/A;B/B/B;B/B/B;B/B/B;B/B/A;B/B/A;B/B/A;A/A/A;B/B/A
Indiv23;A/A/A;B/B/A;B/B/B;B/A/A;B/B/B;B/B/A;B/B/B;B/A/A;B/B/B;B/B/A
Indiv24;A/A/A;A/A/A;B/A/A;B/A/A;B/A/A;B/B/A;B/A/A;B/B/B;A/A/A;B/A/A
Indiv25;B/A/A;B/B/B;B/B/A;B/B/A;B/A/A;B/A/A;A/A/A;B/A/A;A/A/A;B/B/A
Indiv26;B/B/A;A/A/A;B/A/A;B/B/A;B/B/B;B/B/A;A/A/A;A/A/A;B/B/B;B/A/A
Indiv27;B/B/B;B/B/B;B/B/B;A/A/A;A/A/A;B/B/A;B/B/A;A/A/A;B/A/A;A/A/A
Indiv28;B/B/B;B/B/A;A/A/A;B/B/B;B/A/A;B/A/A;B/A/A;B/B/A;B/B/A;A/A/A
Indiv29;B/A/A;A/A/A;B/B/A;B/B/A;B/B/B;B/B/B;B/B/A;B/B/B;B/A/A;B/B/B
Indiv30;B/B/B;A/A/A;B/B/B;B/B/A;A/A/A;B/B/A;B/B/A;B/B/A;B/B/B;B/B/B
Indiv31;A/A/A;A/A/A;B/A/A;B/B/A;B/B/B;B/A/A;A/A/A;A/A/A;B/A/A;B/A/A
Indiv32;B/B/B;B/B/A;B/B/B;A/A/A;B/B/B;B/A/A;B/B/A;B/B/A;B/B/B;A/A/A
Indiv33;B/B/A;B/B/A;B/B/B;B/A/A;A/A/A;B/B/B;A/A/A;B/A/A;B/A/A;A/A/A
Indiv34;B/B/B;B/A/A;B/A/A;B/B/A;B/A/A;B/A/A;B/B/B;B/A/A;B/B/B;B/A/A
Indiv35;A/A/A;B/A/A;B/B/A;B/B/A;A/A/A;B/B/B;B/B/A;B/A/A;B/B/A;B/B/A
Indiv36;B/B/B;NA/NA/NA;A/A/A;A/A/A;B/B/B;B/A/A;B/B/B;B/A/A;B/B/B;B/B/A
Indiv37;B/B/A;A/A/A;A/A/A;B/A/A;B/B/A;A/A/A;B/A/A;B/B/A;B/A/A;B/A/A
Indiv38;B/B/A;B/B/B;A/A/A;B/B/B;A/A/A;A/A/A;A/A/A;B/B/A;B/B/A;B/A/A
Indiv39;B/B/A;B/B/A;B/B/B;B/B/A;B/B/A;A/A/A;A/A/A;B/B/B;B/B/B;B/A/A
Indiv40;A/A/A;B/B/B;A/A/A;B/A/A;B/B/B;A/A/A;B/B/B;A/A/A;A/A/A;B/B/B
Indiv41;A/A/A;B/B/B;B/B/A;A/A/A;B/A/A;B/B/B;B/B/B;B/B/B;B/B/A;A/A/A
Indiv42;B/B/B;B/A/A;B/B/A;B/B/B;B/B/B;B/A/A;A/A/A;B/B/A;B/B/B;B/A/A
Indiv43;B/B/B;B/A/A;B/A/A;B/B/A;B/A/A;A/A/A;A/A/A;B/A/A;A/A/A;B/A/A
Indiv44;B/B/B;B/B/A;B/B/A;B/A/A;A/A/A;B/A/A;B/B/A;B/A/A;B/A/A;A/A/A
Indiv45;A/A/A;B/B/A;B/B/B;B/B/A;B/A/A;B/B/B;B/A/A;B/A/A;B/B/B;B/B/B
Indiv46;B/B/B;B/A/A;B/B/A;A/A/A;B/B/B;A/A/A;A/A/A;B/B/A;B/B/B;B/B/A
Indiv47;A/A/A;B/B/A;B/A/A;B/B/A;B/A/A;A/A/A;B/B/B;B/A/A;A/A/A;B/A/A
Indiv48;B/A/A;A/A/A;A/A/A;B/B/B;B/A/A;B/B/B;B/A/A;B/B/A;B/B/A;B/A/A
Indiv49;B/B/A;B/A/A;B/A/A;B/B/B;A/A/A;A/A/A;B/A/A;A/A/A;B/A/A;A/A/A
Indiv50;B/A/A;B/A/A;A/A/A;B/B/A;B/B/A;B/B/A;B/B/B;A/A/A;B/B/B;B/A/A
Indiv51;B/B/A;B/B/A;A/A/A;A/A/A;A/A/A;B/A/A;B/A/A;B/B/A;B/A/A;A/A/A
Indiv52;B/B/B;B/B/A;A/A/A;B/B/A;A/A/A;B/A/A;A/A/A;B/A/A;B/B/A;B/B/A
Indiv53;B/B/B;B/B/A;A/A/A;B/B/A;A/A/A;B/B/B;B/B/A;A/A/A;B/B/A;A/A/A
Indiv54;A/A/A;B/B/B;B/B/A;B/B/A;B/B/A;B/B/A;B/B/B;B/B/A;B/B/B;A/A/A
Indiv55;B/B/B;B/B/A;B/A/A;A/A/A;A/A/A;B/A/A;B/B/B;B/A/A;B/A/A;B/B/A
Indiv56;B/B/A;B/B/A;A/A/A;B/B/B;B/B/B;B/B/B;B/B/A;B/B/B;B/B/A;B/B/A
Indiv57;B/B/A;B/A/A;A/A/A;A/A/A;B/B/A;B/A/A;A/A/A;B/B/A;B/B/B;B/B/B
Indiv58;B/B/A;B/B/B;B/B/A;B/A/A;B/A/A;B/B/B;A/A/A;B/B/A;B/B/A;B/B/A
Indiv59;B/B/A;B/B/B;A/A/A;B/A/A;B/B/B;B/B/B;B/B/B;B/A/A;B/A/A;B/A/A
Indiv60;B/B/A;B/B/B;A/A/A;B/A/A;A/A/A;B/A/A;B/B/B;B/B/A;A/A/A;B/B/A
Indiv61;A/A/A;B/B/B;B/A/A;B/B/A;B/A/A;B/B/A;B/B/B;B/A/A;B/A/A;B/B/B
Indiv62;B/B/A;B/B/B;B/B/B;B/B/B;B/A/A;B/A/A;B/B/A;B/B/B;A/A/A;B/B/B
Indiv63;B/B/B;A/A/A;B/A/A;A/A/A;A/A/A;B/B/B;B/A/A;B/A/A;B/B/A;A/A/A
Indiv64;A/A/A;B/A/A;B/B/B;B/A/A;B/B/B;B/A/A;B/A/A;B/B/A;A/A/A;A/A/A
Indiv65;B/A/A;A/A/A;B/B/A;B/B/B;A/A/A;B/B/A;B/B/B;B/B/A;A/A/A;B/B/B
Indiv66;B/B/B;B/B/B;B/B/B;A/A/A;B/B/A;B/B/A;A/A/A;A/A/A;B/A/A;B/B/B
Indiv67;B/B/B;B/A/A;B/B/B;B/B/B;A/A/A;B/A/A;B/A/A;A/A/A;B/B/A;A/A/A
Indiv68;A/A/A;B/B/A;B/A/A;B/B/A;B/B/B;B/B/B;B/A/A;B/B/A;B/B/A;A/A/A
Indiv69;B/B/B;A/A/A;B/B/A;B/B/B;B/A/A;B/B/B;B/B/A;B/B/A;B/B/B;B/A/A
Indiv70;B/B/B;A/A/A;B/B/A;A/A/A;B/B/B;A/A/A;B/A/A;A/A/A;B/B/B;B/B/B
Indiv71;B/B/B;B/B/A;B/A/A;B/B/B;B/B/A;A/A/A;A/A/A;A/A/A;B/B/A;B/B/A
Indiv72;B/B/B;B/B/B;A/A/A;A/A/A;A/A/A;A/A/A;B/A/A;B/B/B;B/B/B;B/A/A
Indiv73;B/A/A;A/A/A;A/A/A;B/A/A;A/A/A;A/A/A;B/B/B;A/A/A;B/B/A;B/A/A
Indiv74;B/B/A;B/B/B;B/B/B;B/B/B;B/B/A;B/A/A;A/A/A;B/A/A;B/A/A;B/B/A
Indiv75;B/A/A;A/A/A;B/B/A;B/B/A;A/A/A;A/A/A;B/A/A;B/B/A;B/A/A;B/B/B
Indiv76;B/B/A;B/B/B;B/B/B;A/A/A;B/B/B;A/A/A;B/B/B;B/B/A;B/B/A;A/A/A
Indiv77;B/A/A;B/B/B;B/B/B;A/A/A;A/A/A;B/B/B;B/A/A;B/B/A;B/A/A;A/A/A
Indiv78;B/A/A;B/B/A;B/A/A;A/A/A;B/A/A;A/A/A;B/B/A;B/B/A;B/B/B;B/B/A
Indiv79;B/B/A;B/A/A;B/A/A;A/A/A;B/A/A;B/B/B;B/B/B;B/B/A;B/B/A;B/B/A
Indiv80;B/A/A;B/B/A;B/B/B;B/A/A;B/B/B;B/A/A;A/A/A;A/A/A;B/B/B;B/B/A
Indiv81;A/A/A;B/B/A;B/B/A;B/B/A;B/B/B;B/B/A;B/B/B;B/A/A;B/B/B;B/B/A
Indiv82;A/A/A;B/B/B;A/A/A;B/B/A;B/A/A;B/B/B;B/B/A;B/B/A;B/A/A;B/A/A
Indiv83;B/B/B;B/A/A;B/B/B;B/B/A;B/B/A;B/A/A;A/A/A;B/B/B;B/B/B;B/A/A
Indiv84;B/A/A;A/A/A;B/B/B;B/A/A;B/B/B;B/A/A;B/B/B;A/A/A;B/B/A;A/A/A
Indiv85;B/A/A;B/B/A;B/A/A;B/A/A;B/B/B;B/A/A;A/A/A;B/B/A;B/B/A;B/B/B
Indiv86;A/A/A;B/A/A;B/B/A;B/B/A;B/B/A;B/A/A;B/B/B;B/A/A;A/A/A;A/A/A
Indiv87;B/B/A;A/A/A;B/B/B;B/B/A;A/A/A;A/A/A;B/B/B;B/A/A;B/B/B;B/B/B
Indiv88;A/A/A;B/B/A;B/A/A;B/A/A;B/B/B;B/B/B;B/B/A;B/B/A;B/B/A;B/B/B
Indiv89;B/B/A;B/B/A;B/B/B;B/B/A;B/B/B;B/B/B;B/A/A;A/A/A;B/B/A;B/A/A
Indiv90;A/A/A;B/B/B;A/A/A;A/A/A;B/A/A;B/B/A;B/B/B;B/A/A;B/B/B;B/A/A
Indiv91;B/B/B;A/A/A;B/B/A;A/A/A;B/B/B;B/A/A;B/A/A;B/B/B;B/B/B;A/A/A
Indiv92;B/B/A;B/B/A;B/B/A;B/B/B;B/B/A;B/A/A;B/B/A;B/B/B;A/A/A;B/A/A
Indiv93;B/A/A;B/A/A;B/A/A;B/B/A;A/A/A;B/A/A;B/B/A;B/B/A;B/A/A;A/A/A
Indiv94;B/B/A;B/A/A;A/A/A;B/A/A;B/B/B;B/A/A;B/B/A;A/A/A;B/B/A;B/B/A
Indiv95;A/A/A;B/A/A;B/B/A;B/B/A;A/A/A;A/A/A;B/B/B;B/B/B;B/B/A;B/B/B
Indiv96;A/A/A;B/A/A;A/A/A;A/A/A;B/B/A;B/A/A;B/A/A;B/B/B;B/B/B;A/A/A
Indiv97;A/A/A;B/A/A;B/B/A;A/A/A;B/A/A;B/B/B;A/A/A;B/B/A;B/B/B;B/B/A
Indiv98;B/B/B;A/A/A;B/B/A;A/A/A;B/A/A;B/B/B;B/B/A;A/A/A;A/A/A;B/A/A
Indiv99;B/A/A;B/B/A;B/B/B;A/A/A;A/A/A;B/B/B;B/A/A;B/B/A;B/B/A;B/B/B
Indiv100;B/B/A;A/A/A;B/B/A;B/B/B;A/A/A;B/A/A;B/B/A;B/A/A;B/B/B;B/B/B
